brief,tool,rater,readability,consistency,animation,directions,time,editability,cost,notes
char-thai-farmer-8dir,pixel-builder,,,,,,,,,
char-thai-farmer-8dir,pixellab,,,,,,,,,
char-rice-farmer-woman,pixel-builder,,,,,,,,,
char-rice-farmer-woman,pixellab,,,,,,,,,
char-knight-topdown,pixel-builder,,,,,,,,,
char-knight-topdown,pixellab,,,,,,,,,
char-wizard,pixel-builder,,,,,,,,,
char-wizard,pixellab,,,,,,,,,
char-villager-crowd,pixel-builder,,,,,,,,,
char-villager-crowd,pixellab,,,,,,,,,
char-slime-monsters,pixel-builder,,,,,,,,,
char-slime-monsters,pixellab,,,,,,,,,
char-hero-rich,pixel-builder,,,,,,,,,
char-hero-rich,pixellab,,,,,,,,,
animal-water-buffalo-8dir,pixel-builder,,,,,,,,,
animal-water-buffalo-8dir,pixellab,,,,,,,,,
animal-farm-set,pixel-builder,,,,,,,,,
animal-farm-set,pixellab,,,,,,,,,
animal-horse,pixel-builder,,,,,,,,,
animal-horse,pixellab,,,,,,,,,
animal-pond-fish,pixel-builder,,,,,,,,,
animal-pond-fish,pixellab,,,,,,,,,
animal-birds,pixel-builder,,,,,,,,,
animal-birds,pixellab,,,,,,,,,
building-cottage,pixel-builder,,,,,,,,,
building-cottage,pixellab,,,,,,,,,
building-stilt-house,pixel-builder,,,,,,,,,
building-stilt-house,pixellab,,,,,,,,,
building-village-set,pixel-builder,,,,,,,,,
building-village-set,pixellab,,,,,,,,,
env-trees,pixel-builder,,,,,,,,,
env-trees,pixellab,,,,,,,,,
env-props,pixel-builder,,,,,,,,,
env-props,pixellab,,,,,,,,,
tiles-ground-set,pixel-builder,,,,,,,,,
tiles-ground-set,pixellab,,,,,,,,,
autotile-grass-water,pixel-builder,,,,,,,,,
autotile-grass-water,pixellab,,,,,,,,,
autotile-grass-dirt-blob,pixel-builder,,,,,,,,,
autotile-grass-dirt-blob,pixellab,,,,,,,,,
autotile-sand-water,pixel-builder,,,,,,,,,
autotile-sand-water,pixellab,,,,,,,,,
items-potion-set,pixel-builder,,,,,,,,,
items-potion-set,pixellab,,,,,,,,,
items-tools,pixel-builder,,,,,,,,,
items-tools,pixellab,,,,,,,,,
items-loot,pixel-builder,,,,,,,,,
items-loot,pixellab,,,,,,,,,
ui-kit-basic,pixel-builder,,,,,,,,,
ui-kit-basic,pixellab,,,,,,,,,
ui-hud-weather,pixel-builder,,,,,,,,,
ui-hud-weather,pixellab,,,,,,,,,
map-meadow,pixel-builder,,,,,,,,,
map-meadow,pixellab,,,,,,,,,
map-rice-village,pixel-builder,,,,,,,,,
map-rice-village,pixellab,,,,,,,,,
map-farm,pixel-builder,,,,,,,,,
map-farm,pixellab,,,,,,,,,
side-knight-attack,pixel-builder,,,,,,,,,
side-knight-attack,pixellab,,,,,,,,,
side-hero-moves,pixel-builder,,,,,,,,,
side-hero-moves,pixellab,,,,,,,,,
side-platformer-tiles,pixel-builder,,,,,,,,,
side-platformer-tiles,pixellab,,,,,,,,,
side-parallax-level,pixel-builder,,,,,,,,,
side-parallax-level,pixellab,,,,,,,,,
side-enemies,pixel-builder,,,,,,,,,
side-enemies,pixellab,,,,,,,,,
